景点id,景点名称,景点区域,景点级别,景点热度,景点简介,景点经纬度,景点地址
249012337,日本环球影城,大阪府·大阪,,热度 1.0,首座不位于美国本土的环球影城,"135.432326,34.665511",日本大阪环球影城
3174613401,东京迪士尼乐园,东京,,热度 0.0,充满各种动漫主题元素的乐园,"139.884012,35.625118","日本东京都千叶县浦安市舞滨;1-1 Maihama, Urayasu, Chiba Prefecture"
380777865,登富士山,东京·富士山,,热度 0.0,攀登日本富士山,"138.7102681,35.3605537",日本  富士山  
2653469091,东京塔,东京,,热度 1.0,夜间亮灯无比梦幻，360度展望东京全城,"139.745484,35.65857",亚洲-日本-东京
3677541296,三鹰之森吉卜力美术馆,东京·三鹰市,,热度 0.0,动漫大师宫崎骏的美术殿堂,"139.570424,35.69626","东京都三鹰市下连雀1丁目1-83（都立井之头恩赐公园西园内）;1 Chome-1-83 Shimorenjaku, Mitaka, Tokyo"
1338832387,东京地铁乘车券,东京,,热度 0.0,无论去哪儿都可以利用本票券轻松抵达,"139.7776499,35.5493975",日本东京
2828598027,日本Suica卡,东京,,热度 0.0,一个多功能的卡，兼有电子钱包的功能,"139.7776499,35.5493975",日本东京
1571606213,古宇利大桥,冲绳县·冲绳,,热度 0.0,在桥上欣赏各种美景,"128.0149477,26.6861672",日本沖縄県国頭郡今帰仁村字古宇利
2087450706,海贼王主题乐园,东京,,热度 0.0,喜欢海贼王的朋友一定不能错过的主题乐园,"139.8085117,35.7100627",日本东京都港区芝公园4丁目2-8
5967739,天空之树,东京,,热度 0.0,鸟瞰东京壮丽景色,"104.1644469,33.1524303",日本东京都墨田区
3051049691,大阪海游馆,大阪府·大阪,,热度 0.0,有着环太平洋不同地域的生态环境,"135.428925,34.654488",大阪府大阪市港区海岸通1－1－10
2824409809,山中湖,东京·富士山,,热度 0.0,感受自然的神奇奥妙,"138.86092,35.410645",日本  富士山  
1076633892,六本木新城,东京,,热度 0.0,东京城市展望，城市景观尽收眼底,"139.729248,35.659496",东京都港区六本木6-10-1
319198921,冲绳美丽海水族馆,冲绳县·冲绳,,热度 0.0,体验浩翰的海洋世界之美,"127.8757433,26.694158",冲绳国头郡本部町字石川424番地(海洋博公园内)
3231219984,哈利波特乐园,大阪府·大阪,,热度 0.0,魔法世界的大门顿时出现眼前,"135.4301495,34.665442",大阪市此花区桜島2丁目1-33
2236967667,吉隆坡塔,吉隆坡,,热度 0.0,俯瞰市景的绝佳地点,"101.7015546,3.1528442",MenaraKualaLumpurNo.2JalanPunchakOffJalanP.Ramlee50250KualaLumpurMalaysia
2237862672,双威水上乐园,吉隆坡,,热度 0.0,大人的忘忧天地，孩子们的童话世界,"101.6026493,3.0692108","Sunway Lagoon Sdn Bhd (211311-A) 3, Jalan PJS 11/11, Bandar Sunway, 47500 Selangor Darul Ehsan, Malaysia"
1538154407,马来西亚乐高乐园,柔佛,,热度 0.0,享受美好的亲子时光,"103.627716,1.58183",马来西亚柔佛
3580826153,玩转沙巴,沙巴·亚庇,,热度 0.0,天造地设的大自然景物宝库,"115.0597902,5.7352467","L1-38, Star City North Complex, 1st Floor, Jalan Asia City, 88000 Kota Kinabalu, Sabah, Malaysia."
2643588824,吉隆坡水族馆,吉隆坡,,热度 0.0,在“触摸池”内近距离接触海星和竹鲨,"101.713203,3.153811","Concourse Level, Kuala Lumpur Convention Centre"
1058535162,仙本那小镇,仙本那,,热度 0.0,一座漂浮在水上的天堂,"118.6,4.45",
4213175694,沙巴亚庇美人鱼岛,沙巴,,热度 0.0,让海风温柔的抚摸您的皮肤和吹乱您的秀发,"116.05268967793,5.981300512680999",马来西亚沙巴古打毛律镇(Kota Belud)外海
3271713635,仙本那群岛公园,仙本那,,热度 0.0,关于仙本那潛水虎度假村从沙巴东海岸仙本那镇离度假村只需10分钟车程，离仙本那海军基地50米。提供的住宿选择包括小木屋，长,"118.7555081,4.6239509",马来西亚  仙本那  
2654156644,皇家山,吉隆坡,,热度 0.0,雪兰莪苏丹的王城,"101.248658,3.34095","45000 Kuala Selangor, Selangor，malaysia"
3782848123,沙巴仙本那Scuba Tiger,沙巴,,热度 0.0,关于仙本那潛水虎度假村从沙巴东海岸仙本那镇离度假村只需10分钟车程，离仙本那海军基地50米。提供的住宿选择包括小木屋，长,"118.6333093,4.452911",马来西亚沙巴仙本那
3073485498,Kawa红树林,山打根省·山打根,,热度 0.0,马来西亚沙巴山打根,"117.7655669,5.7834645",马来西亚沙巴山打根
1391622156,马布岛,仙本那,,热度 0.0,海底摄影师梦寐以求的天堂,"118.631094,4.247128","Sabah, Malaysia"
3907512398,升旗山,槟城,,热度 0.0,以一眼望尽山脚下的槟城市区,"100.264478,5.4333333","PerbadananBukitBendera,AyerItam,11500PulauPinang"
1186328617,孕妇岛,吉打州·兰卡威,,热度 0.0,一个湖水青绿，适合泛舟游泳的淡水湖,"99.784874,6.206115",亚洲-马来西亚
377311281,神山公园,沙巴,,热度 0.0,令人称叹的植物生态的会合地,"116.621943,6.174492",亚洲-马来西亚
249012337,日本环球影城,大阪府·大阪,,热度 1.0,首座不位于美国本土的环球影城,"135.432326,34.665511",日本大阪环球影城
3174613401,东京迪士尼乐园,东京,,热度 0.0,充满各种动漫主题元素的乐园,"139.884012,35.625118","日本东京都千叶县浦安市舞滨;1-1 Maihama, Urayasu, Chiba Prefecture"
380777865,登富士山,东京·富士山,,热度 0.0,攀登日本富士山,"138.7102681,35.3605537",日本  富士山  
2653469091,东京塔,东京,,热度 1.0,夜间亮灯无比梦幻，360度展望东京全城,"139.745484,35.65857",亚洲-日本-东京
3677541296,三鹰之森吉卜力美术馆,东京·三鹰市,,热度 0.0,动漫大师宫崎骏的美术殿堂,"139.570424,35.69626","东京都三鹰市下连雀1丁目1-83（都立井之头恩赐公园西园内）;1 Chome-1-83 Shimorenjaku, Mitaka, Tokyo"
1338832387,东京地铁乘车券,东京,,热度 0.0,无论去哪儿都可以利用本票券轻松抵达,"139.7776499,35.5493975",日本东京
2828598027,日本Suica卡,东京,,热度 0.0,一个多功能的卡，兼有电子钱包的功能,"139.7776499,35.5493975",日本东京
1571606213,古宇利大桥,冲绳县·冲绳,,热度 0.0,在桥上欣赏各种美景,"128.0149477,26.6861672",日本沖縄県国頭郡今帰仁村字古宇利
2087450706,海贼王主题乐园,东京,,热度 0.0,喜欢海贼王的朋友一定不能错过的主题乐园,"139.8085117,35.7100627",日本东京都港区芝公园4丁目2-8
5967739,天空之树,东京,,热度 0.0,鸟瞰东京壮丽景色,"104.1644469,33.1524303",日本东京都墨田区
3051049691,大阪海游馆,大阪府·大阪,,热度 0.0,有着环太平洋不同地域的生态环境,"135.428925,34.654488",大阪府大阪市港区海岸通1－1－10
2824409809,山中湖,东京·富士山,,热度 0.0,感受自然的神奇奥妙,"138.86092,35.410645",日本  富士山  
1076633892,六本木新城,东京,,热度 0.0,东京城市展望，城市景观尽收眼底,"139.729248,35.659496",东京都港区六本木6-10-1
319198921,冲绳美丽海水族馆,冲绳县·冲绳,,热度 0.0,体验浩翰的海洋世界之美,"127.8757433,26.694158",冲绳国头郡本部町字石川424番地(海洋博公园内)
3231219984,哈利波特乐园,大阪府·大阪,,热度 0.0,魔法世界的大门顿时出现眼前,"135.4301495,34.665442",大阪市此花区桜島2丁目1-33
3861596608,七仙井,吉打州·兰卡威,,热度 0.0,七仙井是兰卡威岛上著名的地理奇观,"99.6835243,6.3659946","Telaga Harbour Park, Langkawi, Kedah"
3982926133,水上清真寺,沙巴,,热度 0.0,一座典型的当代伊斯兰教建筑,"116.14386,6.096884",马来西亚沙巴哥达京那巴鲁市卡士湾畔
3964048837,槟城蝴蝶园,槟城,,热度 0.0,世界上最早规划的热带蝴蝶公园,"100.484708,5.262691",亚洲-马来西亚-槟城
1678728043,马来西亚高等法院,吉隆坡,,热度 0.0,是吉隆坡的标志性建筑。1897年建成，曾经是殖民者的总部。当初设计这幢大楼的两名设计师都曾在印度呆过一段时日，他们把大楼,"101.694483,3.148668",亚洲-马来西亚-吉隆坡
1278796450,马六甲海峡,马六甲,,热度 0.0,风光秀丽，被誉为“东方明珠”,"99.541881,4.666075",亚洲-马来西亚
2195373255,云顶,吉隆坡,,热度 0.0,你旅游和避暑胜地,"101.789134,3.422044",位于鼓亨州西南吉保山脉中段东坡
3692862479,丹绒鲁海滩,吉打州·兰卡威,,热度 0.0,美丽的沙滩和清澈的海水，还有成林的松树,"116.042065,5.95611",亚洲-马来西亚-兰卡威
905884568,蝴蝶园,吉隆坡,,热度 0.0,神奇的蝴蝶世界,"101.688906,3.145733","Taman Tasik Perdana, Jalan Cendarasari, Kuala Lumpur, Wilayah Persekutuan 50480"
2346881806,Menara Kuala Lumpur Tower,吉隆坡,,热度 0.0,吉隆坡塔是无线通讯业的一个里程碑,"101.703667,3.152806","Jalan Punchak, Kuala Lumpur 50250, Malaysia"
3677782529,槟城马里安曼印度庙,槟城,,热度 0.0,槟岛早建立的印度神庙,"100.3150234,5.4260245","Lebuh Queen, George Town, 10450 George Town, Pulau Pinang, 马来西亚"
366008398,国家英雄纪念碑,吉隆坡,,热度 0.0,为纪念为国牺牲的烈士而建,"101.6816063,3.1493527",JalanParlimenLakeGardens
2881843103,巴哥国家公园,古晋,,热度 0.0,欣赏大量的野生动物,"110.464478,1.7166667",马来西亚  古晋  
1059101809,兰卡威跳岛游,吉打州·兰卡威,,热度 0.0,游览各种小岛,"99.7239063,6.291905",马来西亚  兰卡威  
341913619,九鲁河,沙巴,,热度 0.0,水势汹涌，相当湍急,"116.3000303,5.9753412","Kiulu River, Kampung Pukak Kiulu, Tuaran"
1464209816,迪加岛,沙巴,,热度 0.0,历史悠久的旅游胜地,"115.6336074,5.7218782",马来西亚沙巴迪加岛
4075356930,东京迪士尼海洋乐园,东京,,热度 0.0,激光与焰火交织辉映，水上舞台表演高潮迭起,"139.885029,35.626849",日本东京千叶县舞滨地区的东京湾畔
2483373142,八景岛海洋乐园,神奈川县·横滨,,热度 0.0,八景岛海洋乐园是一座具备各种游乐设施的人工岛”、以海洋为主题的14种常设节目以及游乐项目外，在园内还可品尝世界各地的风味,"139.644402,35.336403",日本横滨金泽区八景岛
4009228356,大阪周游卡,大阪府·大阪,,热度 0.0,给你超值的旅游体验,"135.4665124,34.6107052",大阪府>大阪
612573490,世界牧场,大阪府·大阪,,热度 0.0,关西大的休闲牧场,"135.6402505,34.4813033",〒585-0014白木1456-2
3962037742,大江户温泉物语,东京,,热度 0.0,体验江户时代老百姓的生活,"139.777702,35.615284",东京都江东区青海2-57（Telecom Center西侧）
2561305626,Hep Five摩天轮,大阪府·大阪,,热度 0.0,眺望大阪的市中心部,"135.4981074,34.7040619","日本UmedaStation,（大阪）〒530-0017大阪市北区角田町5-15"
1392202456,仲见世商店街,东京,,热度 0.0,布满了百余家店铺，非常热闹,"139.7945175,35.7124817",东京都台区浅草
2028115505,名古屋水族馆,爱知县·名古屋,,热度 0.0,世界超大型水族館之一,"136.8759524,35.0906222",日本爱知县名古屋市港区港町1-3
478037105,阿倍野展望台,大阪府·大阪,,热度 0.0,大阪的新地标阿倍野HARUKAS,"135.5117827,34.645842",大阪市阿倍野区阿倍野筋1-1-43
2043399465,河口湖八音盒之森美术馆,山梨县·山梨县,,热度 0.0,仿佛让人以为是回到中古世纪的欧洲,"138.7664483,35.522526","3077-20 Kawaguchi, Fujikawaguchiko, Minamitsuru District, Yamanashi Prefecture 401-0304日本"
3626551978,日本关西铁路周游券,东京,,热度 0.0,日本关西自由行，有它解决出行难,"135.2282052,34.4320024",京都、大阪、神户、奈良、姬路等地通用
2216831434,梅田蓝天大厦,大阪府·大阪,,热度 0.0,鸟瞰大阪全城、欣赏夕阳夜景,"135.4901,34.70542",大阪市北区大淀中1-1-88 (〒531-6039　大阪市北区大淀中1-1-88 梅田スカイビル)
2084092505,温泉大世界,大阪府·大阪,,热度 0.0,是一座内容丰富的温泉主题公园,"135.5056,34.649956",日本大阪市 556-0002浪速区惠美须东3丁目4-24
2025426648,日本乐高乐园,爱知县·名古屋,,热度 0.0,新开设的乐高乐园，小朋友的玩乐天堂,"136.8414079,35.0507051","日本〒455-8605 Aichi Prefecture, Nagoya, Minato Ward, Kinjofuto, 2 Chome−2−1"
4137129527,万座毛,冲绳县·冲绳,,热度 0.0,可以欣赏海天一色，俯视悬崖峭壁下的珊瑚礁,"127.850221,26.504913",亚洲-日本-冲绳
2390489278,光大大厦,槟城,,热度 0.0,位于马来西亚槟城州首府乔治市,"100.2634245,5.4470936","Lebuh Tek Soon, George Town, 10100 George Town, Pulau Pinang, 马来西亚"
34357515,马努干岛,沙巴·亚庇,,热度 0.0,理想的游泳和潜水区,"116.068314,5.975931","Kota Kinabalu, Malaysia"
4273872600,卡帕莱岛,仙本那,,热度 0.0,卡帕莱岛是坐落在西巴丹岛和马布岛之间的一块沙洲。经历过严重的侵蚀，这块沙洲现在变成了躺卧在利吉丹珊瑚群顶端的海滩，广泛舒,"118.684308,4.223211",坐落在西巴丹岛和马布岛之间的一块沙洲
3964976004,湿米岛,吉打州·兰卡威,,热度 0.0,天然的度假胜地,"99.6995976,6.2914835",Langkawi Kedah Malaysia
2348584314,章卡武吉免登酒吧街,吉隆坡,,热度 0.0,充满异国风情的酒吧街。,"101.708493,3.147202","Changkat Bukit Bintang, 50200 Kuala Lumpur."
3267517356,茨厂街,吉隆坡,,热度 0.0,唐人街著名的街市,"101.697182,3.143692","City Centre 50000 Kuala Lumpur Wilayah Persekutuan Kuala Lumpur, 马来西亚"
3203446801,乐圣岭天后宫,吉隆坡,,热度 0.0,吉隆坡的主要地标建筑与旅游景点,"101.6855313,3.12181","65, Persiaran Endah, Taman Persiaran Desa, 50460 Kuala Lumpur, Wilayah Persekutuan Kuala Lumpur"
1946107066,沙巴邦邦岛,沙巴,,热度 0.0,海天相接的潜水天堂,"0.0,0.0",马来西亚沙巴仙本那邦邦岛
1050834619,吉隆坡城市馆,吉隆坡,,热度 0.0,主要介绍吉隆坡的城市概况及历史,"101.6910463,3.147227","No. 27, Jalan Raja, Dataran Merdeka,, 50050 Dataran Merdeka, Federal Territory of Kuala Lumpur, 马来西亚"
252151695,Dark Mansion - 3D Glow In The Dark Museum,马来西亚,,热度 0.0,这家在槟城的乔治旧城里，坐落在夜市美食街上，不太起眼，要不是看到一家印度人坐人力车停在门口，都没有注意到这家场馆，店里游,"0.0,0.0","Malaysia,George Town,145-153, Kimberly Street,10100"
3241496560,槟城极乐寺,槟城,,热度 0.0,槟州的一大建筑奇景,"100.273443,5.39986","Kek Lok Si Temple ,11500 Ayer Itam, Penang"
3541592645,国家皇宫,吉隆坡,,热度 1.0,其内青草遍地，鲜花满园盛开,"101.695723,3.132484",马来西亚吉隆坡
3807808247,东姑阿都拉曼国家公园,沙巴,,热度 0.0,椰林树影，水清沙幼,"101.758351,3.210583",亚洲-马来西亚
1681877363,瓜拉甘达大象中心,吉隆坡,,热度 0.0,近距离接触大象,"101.712363,3.141018",马来西亚吉隆坡联邦直辖区吉隆坡
2218840695,拉卜湾长鼻猴保护区,山打根省·山打根,,热度 0.0,和稀有的长鼻猴亲密接触,"117.8658063,5.8848287",马来西亚沙巴山打根拉卜湾Sumawang村
969497599,浅草寺,东京,,热度 1.0,日本现存的具有“江户风格”的民众游乐之地,"139.796746,35.714777",亚洲-日本
3283136646,三十三间堂,京都府·京都,,热度 1.0,为莲华王院的正殿，日本国宝,"135.771681,34.987872",亚洲-日本-京都
993487176,登别温泉,登别,,热度 0.0,泉水非常丰富，温度适宜，给你不一样的体验,"141.144061,42.502449",亚洲-日本-Sapporo
1612919872,金阁寺,京都府·京都,,热度 1.0,日本室町时代极具代表性的名园,"135.729313,35.039436",亚洲-日本-京都
1381254624,天龙寺,京都府·京都,,热度 1.0,国家特别的历史遗迹,"135.673723,35.015765",亚洲-日本-京都
2519878793,二条城,京都府·京都,,热度 1.0,保存了日本桃山时代的绘画雕刻和建筑特色,"135.750897,35.01325",亚洲-日本-京都
2979139094,福冈塔,福冈县·福冈,,热度 0.0,福冈市的标志性建筑,"130.351483,33.593299",亚洲-日本福冈市早良区百道滨2-3-26
1431586742,新宿御苑,东京,,热度 1.0,信川高远藩主内藤骏河守的住宅,"139.710673,35.687036",亚洲-日本-东京
1860981045,机器人美眉表演秀,东京,,热度 0.0,东京热门新娱乐，超出你的想象,"139.702832,35.694668",日本东京都新宿区歌舞伎町1-7-1
1632592141,大阪地铁交通卡,大阪府·大阪,,热度 0.0,适用大阪市内地铁和市营巴士（公交车）,"135.2094627,34.5212738",日本大阪市
527100549,日本铁路周游券JR PASS,东京,,热度 0.0,无需研究交通工具，放心乘坐JR标志的车辆,"139.7776499,35.5493975",日本东京市
45112144,原子弹爆炸圆顶屋,广岛,,热度 0.0,原子弹爆炸后遗址,"132.4536,34.39548",日本  广岛  
4188881711,札幌啤酒园,札幌,,热度 0.0,在宽敞的大厅内自助畅饮，大口吃肉,"141.35437,43.062096",札幌市北区北13西3
4226862108,箱根园水族馆,神奈川县·神奈川县,,热度 0.0,箱根园水族馆位于海拔723米处,"139.0065142,35.2129666","日本神奈川县AshigarashimoDistrict,箱根町"
4009884168,大阪历史博物馆,大阪府·大阪,,热度 0.0,紧挨着大阪NHK放送局的大阪历史博物馆是栋13层的近代建筑，距离难波宫迹和大阪城公园也不远。根据时代的不同，分区展示了不,"135.50217,34.693737",大阪市中央区大手前4-1-32
934805730,沙巴婆罗洲大堡礁,沙巴,,热度 0.0,览东南亚水上休闲浮桥,"109.554296,1.4249588",马来西亚亚庇沙巴婆罗洲大堡礁
983208729,兰卡威群岛,吉打州·兰卡威,,热度 0.0,兰卡威群岛(Langkawi)由99座海岛组成，它位于吉打的岸外，非常靠近玻璃市，并且居于泰国之下不远的地方，它并以丰富,"0.0,0.0","Jalan Tanjung Rhu, Tanjung Rhu, 07000 Langkawi"
1408830984,托马斯小镇,柔佛,,热度 0.0,托马斯小镇主题乐园,"103.6558216,1.4170337","Persiaran Puteri Selatan, Puteri Harbour, Nusajaya, 79000, Negeri Sembilan, 79000 Nusajaya, Johor, 马来西亚"
4103417157,实蒙谷野生动物护育中心,古晋,,热度 0.0,整个中心就在雨林当中,"110.3163806,1.3959167",Semenggoh Wildlife centre，Sarawak，Malaysia
2304704102,沙巴龙尾湾,沙巴·亚庇,,热度 0.0,沙巴近几年新开发的景点,"116.1565462,6.1664093","89200 Tuaran, Sabah, Malaysia"
3703566293,亚庇玩乐,沙巴·亚庇,,热度 0.0,体验风下之乡的浪漫,"116.0255847,5.9956764","L1-38, Star City North Complex, 1st Floor, Jalan Asia City, 88000 Kota Kinabalu, Sabah, Malaysia."
3860280511,粉红清真寺,布城,,热度 0.0,马来西亚布城的一所清真寺，位于布城湖旁,"101.6832459,2.9260041","Persiaran Persekutuan, Presint 1, 62502 Putrajaya, Wilayah Persekutuan Putrajaya, 马来西亚"
2080626722,沙沙兰天空之境,马六甲,,热度 0.0,海天一色的美景,"101.2442022,3.2994496","No 15, 3, Jalan Yu 1, Taman Yu, 45800 Jeram, Selangor, 马来西亚"
3778331423,金三角购物商圈,吉隆坡,,热度 0.0,吉隆坡热闹好逛的购物区域,"101.7109185,3.148482",马来西亚吉隆坡金三角购物商圈
2405617538,诗巴丹岛,仙本那,,热度 0.0,诗巴丹（Sipadan）坐落于东马来西亚西南，位于距离仙本那港（Semporna Port）36公里的北西里伯海（Cel,"118.612001,4.479691",位于Sulawesi海（西勒比斯海）赤道以北5°
662220233,宝山亭,马六甲,,热度 0.0,由第八任甲必丹漳州海澄人蔡士章创建,"102.257365,2.198581",马六甲三保山的西南山麓
432244415,沙捞越文化村,古晋,,热度 0.0,东南亚异族风情表演，品不一样的民风民情,"110.316142,1.749773","Damai Beach Resort, 93762 Kuching, 马来西亚"
3961447386,猫博物馆,古晋,,热度 0.0,展出猫的相片、图画、故事、饰物及雕塑等,"110.3322886,1.5866373","JalanDbku,Kuching"
2713894451,卡帕莱浮潜,沙巴,,热度 0.0,即使在水屋附近浮潜也可以看到丰富的海底生物。各色的鱼类、珊瑚、海星、海龟一应俱全，你就是在一个五彩的世界中遨游。,"0.0,0.0",马来西亚  沙巴  
2816069644,吉隆坡双子塔,吉隆坡,,热度 0.0,吉隆坡的地标性建筑,"101.7075007,3.157917","PETRONASTwinTowers,KualaLumpurCityCentre,50088KualaLumpur,Malaysia"
2519942416,白色恋人公园,北海道,,热度 0.0,了解巧克力的历史，欣赏与巧克力有关的藏品,"121.38878,31.205807",札幌市西区宫の沢2-2-11-36
2072767620,江之岛,神奈川县·神奈川县,,热度 0.0,湘南海岸的代表景点，神奈历史名迹,"139.48088,35.299927",日本  神奈川县  
180571780,横滨地标塔大厦,神奈川县·神奈川县,,热度 0.0,横滨地标塔大厦是日本高的超高层大厦,"139.6314175,35.4548879","2-2-1Minatomirai,NishiWard,Yokohama,KanagawaPrefecture220-8120,Japan"
810030732,四竹琉球料理餐厅（国际通店）,冲绳县·冲绳,,热度 0.0,欣赏传统的琉球舞蹈表演，体验琉球当地文化,"127.6815499,26.2149134",冲绳县那霸市久茂地3-29-68
201255794,鸭川,京都府·京都,,热度 0.0,流穿过京都中央，景色优美,"135.75629,35.013245","KamoRiver,京都市京都府日本"
2304677653,河口湖,东京·富士山,,热度 0.0,湖中富士山倒影相映为一绝景,"138.75179,35.517094",日本东京富士山北麓
3395855881,阿美横町商店街,东京,,热度 0.0,各色商铺，任君挑选,"139.7723475,35.7103209",东京都台东区上野4－6
2768705917,代代木公园,东京,,热度 0.0,东京涩谷区内的城市公园,"139.6965203,35.66884853",日本 東京都渋谷区 代々木神園町2−1
3297205024,北谷町美兵美国村,冲绳县·那霸,,热度 0.0,约会、聊天、观景的好去处,"140.464897,43.317185",北谷町美浜15-69
3652998009,登别伊达时代村,登别,,热度 0.0,登别伊达时代村是一座再现江户时代（1600－1864）时的街风街貌、以观赏戏剧为主、体验当时社会情形的主题公园。,"141.159885,42.463646",北海道登别市中登别町53-1
4047372098,上高地,长野县·长野,,热度 0.0,日本的特别名胜、特别天然纪念景区,"137.685145,36.27367",松本市上高地
1716234277,日本未来科学馆,东京,,热度 0.0,面向所有人开放的科学博物馆,"139.776625,35.619402","2 Chome-3-3-6 Aomi, Koto-ku, Tokyo"
1618120821,箱根周游券,神奈川县·箱根,,热度 0.0,一票在手，轻松游箱根,"138.9775362,35.2326118",日本-箱根
791635912,竹下通,东京,,热度 0.0,竹下通是日本东京原宿一条行人专用街道，以潮流服装闻名，两旁以时装店、首饰店、咖啡室与餐厅为主，大部份为小型商店，吸引年轻,"139.704742,35.671295",东日本旅客铁道原宿站对面
4222465889,石塀小路,京都府·京都,,热度 0.0,大正时代所造，近邻漫布浪漫怡情的气息,"135.779266,35.000809",京都市東山区下河原町
837335210,新加坡环球影城,新加坡外岛·圣淘沙岛,,热度 0.0,让电影世界的神奇，为你掀开探险旅程的序幕,"103.822125,1.255012",新加坡圣淘沙名胜世界之内/Resorts World™ Sentosa Singapore 8 Sentosa Gateway Singapore 098629
1634867236,新加坡滨海湾花园,新加坡,,热度 0.0,气势磅礴的云雾林，绚烂的灯光秀，精彩纷呈,"103.863618,1.28156",18 Marina Gardens Drive Singapore 018953
127728704,新加坡日间动物园,新加坡,,热度 1.0,感受这热带雨林中野生动物生生不息的生命力,"103.7383751,1.3291943",80 Mandai Lake Road，Singapore 729826
3729055182,新加坡夜间野生动物园,新加坡,,热度 0.0,一间夜间动物们的栖息地,"103.7858719,1.4021872",80 Mandai Lake Road Singapore 729826
345571579,新加坡SEA海洋馆,新加坡外岛·新加坡海洋生物园,,热度 0.72,观赏色彩斑斓的珊瑚丛和奇异的海洋生物,"103.8238793,1.262692","8 Sentosa Gateway, Resorts World Sentosa, 新加坡 098269"
629164274,新加坡缆车,新加坡·花柏山景,,热度 0.0,两条缆车线路，尽享两处胜地,"103.82315,1.279458","Mount Faber Leisure Group 109 Mount Faber Road, Faber Peak, Singapore 099203"
2483704146,新加坡海洋生物园,新加坡外岛·圣淘沙岛,,热度 0.0,与各种壮观的海洋巨无霸亲密接触,"103.8166237,1.2583293",新加坡圣淘沙岛
1999308496,裕廊飞禽公园,新加坡,,热度 1.0,为鸟儿创造的与自然环境相近的栖息之所,"103.706147,1.319152","2 Jurong Hill,Singapore 628925"
3067578272,圣淘沙天际线斜坡滑车,新加坡外岛·圣淘沙岛,,热度 0.0,全长688米的心跳欢乐胜地,"103.816546,1.252395",Imbiah Lookout Sentosa Island 45 Siloso Beach Walk Singapore 099003
1078908153,新加坡摩天观景轮,新加坡,,热度 0.0,宽敞的观景舱，全角度俯视新加坡的精致景色,"103.863103,1.289272","30 Raffles Avenue, SG 039803"
3658555036,新加坡国家美术馆,新加坡,,热度 0.0,展示从19世纪至今的新加坡及东南亚艺术,"103.8493181,1.2902926",1St.Andrew’sRoad Singapore
1288673303,新加坡空中花园观景台,新加坡·滨海湾金沙酒店,,热度 0.0,在滨海湾金沙酒店的公共观赏台欣赏壮丽的风,"103.859974,1.2831563",10 Bayfront Avenue Singapore 018956
1163856925,新加坡Duck tours鸭子船,新加坡,,热度 0.0,呆萌又厉害的家伙，自由行走于陆地和水中,"103.849111,1.28126",01-05SingaporeFlyerTouristHub
2035727810,河川生态园,新加坡,,热度 0.0,近距离接触世界各大河川生态系统,"103.837177,1.352566",新加坡河川生态园
3688573300,时光之翼,新加坡外岛·圣淘沙岛,,热度 0.0,给你一个前所未有的全新梦幻世界,"103.812207,1.255932",新加坡圣淘沙岛
630204962,N首尔塔,首尔,,热度 0.0,首尔市的标志性建筑,"126.988258,37.551352",韩国首尔市龙山区龙山洞2街 山1-3
579191213,景福宫,首尔,,热度 1.0,建筑具有极尽富贵荣华的气派,"126.976642,37.578272",韩国首尔钟路区世宗路1号
3123905065,济州乱打秀,济州特别自治道·济州岛,,热度 0.0,具有代表性的文化旅游项目,"126.534302,33.505738",济州特别自治道 济州市仙石牧童路56-26  （梧登洞)NANTA THEATER
2222729836,江村铁路单车,首尔,,热度 0.0,能欣赏优美景观的特色旅游体验,"0.0,0.0",
2071580383,爱宝乐园,京畿道·龙仁市,,热度 0.0,在充满欢笑的世界里，寻找一份纯粹的快乐,"127.203348,37.292628",京畿道龙仁市处仁区蒲谷邑爱宝乐园路199号
3928679912,通仁市场,首尔,,热度 0.0,市场内有很多韩国特色美食,"126.9671469,37.5805458","Jahamun-ro 15-gil, Cheongunhyoja-dong, Jongno-gu, Seoul, 韩国"
1225245660,济州西归浦泰迪熊博物馆,济州特别自治道·济州岛,,热度 1.0,展示百年来全世界人们喜爱的玩具熊而建的,"126.390971,33.423089",韩国济州道西归浦市中文观光路110号路31号(穑达洞) 제주특별자치도 서귀포시 중문관광로110번길 31 (색달동)
3149391274,涂鸦秀HERO（钟路专用馆）,首尔·涂鸦秀：HERO [首尔],,热度 0.0,3D新概念涂鸦秀,"126.9677816,37.5681178",韩国首尔特别市钟路区观水洞59-7首尔剧场5层
3631244257,韩国民俗村,京畿道·龙仁市,,热度 0.0,韩国民俗村再现了朝鲜后期的生活,"127.12052,37.259092",韩国京畿道龙仁市器兴区民俗村路90号
3839961644,济州岛Aqua planet水族馆,济州特别自治道·济州岛,,热度 0.0,奇妙海洋世界,"126.9257214,33.4327935",韩国济州特别自治道 西归浦市 城山邑 涉地高地路95
1581409290,济州岛西归浦潜水艇,济州特别自治道·济州岛,,热度 0.0,新型观光潜艇,"126.558631,33.239872",韩国济州特别自治道西归浦市西烘洞707-5
459278369,釜山Trickeye特丽爱3D美术馆,釜山,,热度 0.0,釜山Trickeye特丽爱3D美术馆是韩国Trickeye特丽爱美术馆株式会社于2012年开设的第二家分馆。此外位于首尔,"129.027325,35.0981878",부산시 중구 비프광장로20 남포프라자 F9
2659020982,涂鸦秀：HERO [首尔],首尔,,热度 0.0,魔术般的表演，只在韩国能看到的神奇演出,"126.991657,37.569677",韩国首尔市钟路区敦化门路13  首尔剧场 5层
2364445826,小法兰西,江原道·束草市,,热度 0.0,一个可以延到独特法国文化的主题村庄,"127.490584,37.715026",韩国京畿道加平郡
1543549011,首尔大公园,首尔,,热度 0.0,首尔大公园是典型的主题公园。公园内设有各种游乐设施，占地宽广的动物园同周边景色协调地融合在一起。700万坪的公园完工于1,"127.021123,37.429751",京畿道果川市莫溪洞159-1
837335210,新加坡环球影城,新加坡外岛·圣淘沙岛,,热度 0.0,让电影世界的神奇，为你掀开探险旅程的序幕,"103.822125,1.255012",新加坡圣淘沙名胜世界之内/Resorts World™ Sentosa Singapore 8 Sentosa Gateway Singapore 098629
1634867236,新加坡滨海湾花园,新加坡,,热度 0.0,气势磅礴的云雾林，绚烂的灯光秀，精彩纷呈,"103.863618,1.28156",18 Marina Gardens Drive Singapore 018953
127728704,新加坡日间动物园,新加坡,,热度 1.0,感受这热带雨林中野生动物生生不息的生命力,"103.7383751,1.3291943",80 Mandai Lake Road，Singapore 729826
3729055182,新加坡夜间野生动物园,新加坡,,热度 0.0,一间夜间动物们的栖息地,"103.7858719,1.4021872",80 Mandai Lake Road Singapore 729826
345571579,新加坡SEA海洋馆,新加坡外岛·新加坡海洋生物园,,热度 0.72,观赏色彩斑斓的珊瑚丛和奇异的海洋生物,"103.8238793,1.262692","8 Sentosa Gateway, Resorts World Sentosa, 新加坡 098269"
629164274,新加坡缆车,新加坡·花柏山景,,热度 0.0,两条缆车线路，尽享两处胜地,"103.82315,1.279458","Mount Faber Leisure Group 109 Mount Faber Road, Faber Peak, Singapore 099203"
2483704146,新加坡海洋生物园,新加坡外岛·圣淘沙岛,,热度 0.0,与各种壮观的海洋巨无霸亲密接触,"103.8166237,1.2583293",新加坡圣淘沙岛
1999308496,裕廊飞禽公园,新加坡,,热度 1.0,为鸟儿创造的与自然环境相近的栖息之所,"103.706147,1.319152","2 Jurong Hill,Singapore 628925"
3067578272,圣淘沙天际线斜坡滑车,新加坡外岛·圣淘沙岛,,热度 0.0,全长688米的心跳欢乐胜地,"103.816546,1.252395",Imbiah Lookout Sentosa Island 45 Siloso Beach Walk Singapore 099003
1078908153,新加坡摩天观景轮,新加坡,,热度 0.0,宽敞的观景舱，全角度俯视新加坡的精致景色,"103.863103,1.289272","30 Raffles Avenue, SG 039803"
3658555036,新加坡国家美术馆,新加坡,,热度 0.0,展示从19世纪至今的新加坡及东南亚艺术,"103.8493181,1.2902926",1St.Andrew’sRoad Singapore
1288673303,新加坡空中花园观景台,新加坡·滨海湾金沙酒店,,热度 0.0,在滨海湾金沙酒店的公共观赏台欣赏壮丽的风,"103.859974,1.2831563",10 Bayfront Avenue Singapore 018956
1163856925,新加坡Duck tours鸭子船,新加坡,,热度 0.0,呆萌又厉害的家伙，自由行走于陆地和水中,"103.849111,1.28126",01-05SingaporeFlyerTouristHub
2035727810,河川生态园,新加坡,,热度 0.0,近距离接触世界各大河川生态系统,"103.837177,1.352566",新加坡河川生态园
3688573300,时光之翼,新加坡外岛·圣淘沙岛,,热度 0.0,给你一个前所未有的全新梦幻世界,"103.812207,1.255932",新加坡圣淘沙岛
630204962,N首尔塔,首尔,,热度 0.0,首尔市的标志性建筑,"126.988258,37.551352",韩国首尔市龙山区龙山洞2街 山1-3
579191213,景福宫,首尔,,热度 1.0,建筑具有极尽富贵荣华的气派,"126.976642,37.578272",韩国首尔钟路区世宗路1号
3123905065,济州乱打秀,济州特别自治道·济州岛,,热度 0.0,具有代表性的文化旅游项目,"126.534302,33.505738",济州特别自治道 济州市仙石牧童路56-26  （梧登洞)NANTA THEATER
2222729836,江村铁路单车,首尔,,热度 0.0,能欣赏优美景观的特色旅游体验,"0.0,0.0",
2071580383,爱宝乐园,京畿道·龙仁市,,热度 0.0,在充满欢笑的世界里，寻找一份纯粹的快乐,"127.203348,37.292628",京畿道龙仁市处仁区蒲谷邑爱宝乐园路199号
3928679912,通仁市场,首尔,,热度 0.0,市场内有很多韩国特色美食,"126.9671469,37.5805458","Jahamun-ro 15-gil, Cheongunhyoja-dong, Jongno-gu, Seoul, 韩国"
1225245660,济州西归浦泰迪熊博物馆,济州特别自治道·济州岛,,热度 1.0,展示百年来全世界人们喜爱的玩具熊而建的,"126.390971,33.423089",韩国济州道西归浦市中文观光路110号路31号(穑达洞) 제주특별자치도 서귀포시 중문관광로110번길 31 (색달동)
3149391274,涂鸦秀HERO（钟路专用馆）,首尔·涂鸦秀：HERO [首尔],,热度 0.0,3D新概念涂鸦秀,"126.9677816,37.5681178",韩国首尔特别市钟路区观水洞59-7首尔剧场5层
3631244257,韩国民俗村,京畿道·龙仁市,,热度 0.0,韩国民俗村再现了朝鲜后期的生活,"127.12052,37.259092",韩国京畿道龙仁市器兴区民俗村路90号
3839961644,济州岛Aqua planet水族馆,济州特别自治道·济州岛,,热度 0.0,奇妙海洋世界,"126.9257214,33.4327935",韩国济州特别自治道 西归浦市 城山邑 涉地高地路95
1581409290,济州岛西归浦潜水艇,济州特别自治道·济州岛,,热度 0.0,新型观光潜艇,"126.558631,33.239872",韩国济州特别自治道西归浦市西烘洞707-5
459278369,釜山Trickeye特丽爱3D美术馆,釜山,,热度 0.0,釜山Trickeye特丽爱3D美术馆是韩国Trickeye特丽爱美术馆株式会社于2012年开设的第二家分馆。此外位于首尔,"129.027325,35.0981878",부산시 중구 비프광장로20 남포프라자 F9
2659020982,涂鸦秀：HERO [首尔],首尔,,热度 0.0,魔术般的表演，只在韩国能看到的神奇演出,"126.991657,37.569677",韩国首尔市钟路区敦化门路13  首尔剧场 5层
2364445826,小法兰西,江原道·束草市,,热度 0.0,一个可以延到独特法国文化的主题村庄,"127.490584,37.715026",韩国京畿道加平郡
1543549011,首尔大公园,首尔,,热度 0.0,首尔大公园是典型的主题公园。公园内设有各种游乐设施，占地宽广的动物园同周边景色协调地融合在一起。700万坪的公园完工于1,"127.021123,37.429751",京畿道果川市莫溪洞159-1
980504395,新加坡水上探险乐园,新加坡外岛·新加坡海洋生物园,,热度 0.0,尝试各种刺激的水上滑道，浮潜于珊瑚群中,"103.810046,1.2489641","8 Sentosa Gateway, Resort World at Sentosa, Singapore 098269, Singapore"
1954933528,新加坡国家博物馆,新加坡,,热度 0.0,多种感官带你了解新加坡的历史,"103.848513,1.296622","93 Stamford Road, Singapore 178897, Singapore (Singapore River)"
1211659679,新加坡杜莎夫人蜡像馆,新加坡,,热度 0.0,栩栩如生的名人蜡像，让游客与明星亲密接触,"103.830229,1.250625",Sentosa Singapore.
2296135367,圣淘沙人造滑浪区,新加坡,,热度 0.0,冲浪爱好者们的之地,"103.813853,1.25448",36 Siloso Beach Walk Singapore 098996
1324629471,新加坡FunVee露天观光巴士,新加坡,,热度 0.0,穿行于新加坡的主要景点，体验不同的新加坡,"103.863131,1.289288",新加坡摩天观景轮处起程
466845629,圣淘沙飞龙探险乐园,新加坡外岛·圣淘沙岛,,热度 0.0,使您获得前所未有的体验,"103.810046,1.2489641","099008, 10A Siloso Beach Walk, 新加坡 099008"
4186480302,新加坡艺术科学博物馆,新加坡,,热度 0.0,是举办全球著名藏品的大型国际展览的场所。,"103.8570776,1.2862738","6 Bayfront Ave, 新加坡 018974"
1581298749,MINT玩具博物馆,新加坡,,热度 0.0,一座玩具主题博物馆,"103.8523163,1.296315",26 Seah Street Singapore 188382
1902186271,克拉码头河畔游览船,新加坡,,热度 0.72,领略克拉码头河畔的美丽景色,"103.846396,1.290613",新加坡克拉码头
2892650821,新加坡美术馆,新加坡,,热度 0.0,东南亚首屈一指的美术馆,"103.851021,1.297421","71 Bras Basah Road, Singapore 189555, Singapore"
1906654079,圣淘沙4D探险乐园,新加坡外岛·圣淘沙岛,,热度 0.0,来体验身临其境的4D大电影吧,"103.810046,1.2489641",新加坡圣淘沙
808503366,滨海湾金沙酒店,新加坡,,热度 0.0,口碑极佳的新加坡酒店,"103.8585377,1.2833754",10 Bayfront Avenue
2819479461,新加坡海事博物馆,新加坡,,热度 0.0,展示藏品并重视公众对丝绸之路历史的了解,"103.820325,1.257211","8 Sentosa Gateway, Singapore"
4186576105,新加坡红点设计博物馆,新加坡,,热度 0.0,世界上第二家红点博物馆,"103.8506101,1.2801308","11 Marina Blvd, Singapore 018940"
4174931235,牛车水原貌馆,新加坡,,热度 0.0,可身临其境、清楚地了解早期华族移民的生活,"103.844353,1.283509",新加坡宝塔街
444721708,Hello Kitty主题公园,济州特别自治道·济州岛,,热度 0.0,Hello Kitty充满童趣的展馆,"126.352078,33.290211",제주특별자치도，서귀포시 안덕면，한창로 340
1169915376,釜山水族馆,釜山,,热度 0.0,是韩国大型水族馆,"129.07564,35.179554",釜山广域市海云台区海云台海边路266（부산광역시 해운대구 해운대해변로 266 ）
1768934866,弘大乱打秀,首尔,,热度 0.0,无言演出，轻松领会其中乐趣,"126.9141012,37.5549244",首尔市 麻浦区 西桥洞 357-4号 地下2层
644895975,明洞乱打秀,首尔,,热度 0.0,《乱打》把韩国传统音乐“四物游戏”当作题材，幽默地演出会在厨房里发生的故事。《乱打》由刀和案板升华为乐器的华丽的演奏、令,"126.98373,37.563407",首尔市中区明洞路26号 (明洞2街)  서울특별시 중구 명동길 26 (명동2가)
3521244255,城山日出峰,济州特别自治道·济州岛,,热度 0.0,被誉为“济州十景”之首,"126.62583,33.390808",济州道南济州郡城山邑城山里 114
2411919052,釜山塔,釜山,,热度 0.0,釜山市区标志性建筑物,"129.0323,35.10146",韩国釜山中区札嘎其52号
1671883655,昌德宫,首尔,,热度 1.0,参观王室的生活空间,"126.994697,35.222089",韩国首尔市钟路区卧龙洞2-71
3153316587,PLAYKPOP博物馆,济州特别自治道·济州岛,,热度 0.0,超越现实和虚拟的K-POP博物馆,"126.413424,33.249982","济州特别自治道西归浦市中文洞观光路110号15（15, Jungmungwangwang-ro 110beon-gil, Seogwipo-si, Jeju-do, Korea）"
3902727370,涉地可支,济州特别自治道·济州岛,,热度 0.0,将涉地可支海岸的风景便尽收眼底,"126.920368,33.437887",济州岛东部海岸的一端
1225250207,海云台,釜山,,热度 0.0,韩国八景之一，温泉非常出名,"129.13665,35.173536",韩国釜山海云台区佑1洞 1410-3号
525899441,中文旅游区,济州特别自治道·济州岛,,热度 0.0,中文旅游区是济州岛的综合性观光园地，也是韩国规模大的休养地。它位于中文地区的海边，面积130万坪。这个观光娱乐园将自然与,"126.416747,33.258203",济州道西归浦市穑达洞
3232207418,西大门刑务所历史馆,首尔,,热度 0.0,西大门刑务所历史馆位于西大门独立公园内，是一座特殊的博物馆。西大门刑务所是大韩帝(1987~1910)末期日本帝国主义镇,"127.002605,37.572221",首尔特别市西大门区岘底洞101号
2571173781,梵鱼寺,釜山,,热度 0.96,梵鱼寺位于釜山的名山金井山麓，是距今约1300年前的新罗(BC59-AC932年以庆尚地道区为中心的国家)文武王(661,"129.068889,35.283848",釜山金井区青龙洞546号
3471196087,牛岛,济州特别自治道·济州岛,,热度 0.0,在这里可以看到济州岛特有的美丽风光,"126.931438,33.470367",济州道北济州郡牛岛面
3636947280,木芽佛教博物馆,京畿道·骊州市,,热度 0.0,木芽佛教博物馆是被指定为第108号无形文化财产的朴赞秀(木雕家)先生为了增进人们对佛教美术的了解，弘扬木雕技艺，而于19,"127.467284,37.535159",畿道骊州郡康川面梨湖里395-2号
1058970847,花柏山景,新加坡,,热度 0.0,力争为游客缔造难忘的体验,"103.8153077,1.2737918",花柏山休闲集团 109 Mount Faber Road Singapore 099203
387217385,鱼尾狮公园,新加坡,,热度 0.0,新加坡的象征，是极受欢迎的旅游景点,"103.854531,1.286977",新加坡河河口
2797376197,新加坡旧国会大厦,新加坡,,热度 0.0,从中了解新加坡国会大厦的精神与著名人物,"103.853598,1.286661",1 Old Parliament Lane Singapore 179429
3588433886,蝴蝶公园与昆虫王国,新加坡,,热度 0.0,像一只绚丽多姿的花蝴蝶，魅力无比,"103.8146148,1.2554549","51 Imbiah Rd, 新加坡 099702"
660867222,小印度,新加坡,,热度 0.74,新加坡印度族群的聚集地，印度的缩影,"103.849824,1.307193",亚洲-新加坡-实龙岗路（Serangoon Road）
1501078239,Trickeye特丽爱3D美术馆（新加坡）,新加坡外岛·圣淘沙岛,,热度 0.0,人画合一、栩栩如生的艺术效果,"103.8204367,1.2564324","26 Sentosa Gateway #01-43/44, 新加坡 098138"
2400300691,iFly室内跳伞,新加坡,,热度 0.0,大型室内跳伞体验,"103.8153158,1.2521119","43 Siloso Beach Walk, #01-01, Singapore 099010"
2697514249,新加坡河游船,新加坡,,热度 0.0,沿新加坡河顺流而下，狮城夜景尽收眼底,"103.850645,1.287717",Raffles Landing Site Singapore 049213
1014969965,新加坡城市通票,新加坡,,热度 0.0,7个主题区，开始奇幻的电影之旅,"103.862831,1.289755","Level 1, Singapore Flyer, 30 Raffles Avenue (MRT Promenade)"
75161484,新加坡万象馆,新加坡,,热度 0.0,看新加坡的历史事件重演，人物形象再现,"103.8154177,1.2540472","40 Imbiah Road, Singapore"
2457135368,苏丹清真寺,新加坡,,热度 0.0,欣赏金色的圆顶，参观巨大的祈祷堂,"103.859367,1.30254","3 Muscat St, Singapore 198833, Singapore"
2423766229,马来传统文化馆,新加坡,,热度 0.0,了解新加坡丰富的马来文化,"103.8578121,1.30275","85 Sultan Gate, Singapore 198501"
673036891,新加坡签证,新加坡,,热度 0.0,办理地点：北京/上海办理周期：各地不同，预计8-9工作日面试：不需要签证有效期：35天可停留天数：14-30天,"116.44403880124791,39.91138479996957","Airport Blvd, 新加坡"
545927451,新加坡政府大厦,新加坡,,热度 0.0,政府大厦City Hall和高等法院比邻而立，耗资200万元，落成于 1929年，原名为市府办公厅。1952年英国国王乔,"103.851753,1.290752",新加坡高等法院旁
2941159330,新加坡Kids STOP儿童站,新加坡,,热度 0.0,新加坡的儿童科学馆,"103.7333133,1.334501","21 Jurong Town Hall Road, Singapore 609433, Singapore"
3755984453,云岘宫,首尔,,热度 1.0,云岘宫作为兴宣大院君的私宅，是朝鲜高宗即位前生活了12年的地方。后来高宗即位后，通过大规模的扩建和整修而成为晋升为“宫”,"126.983309,37.550005",首尔市钟路区云泥洞 114-10
2098100951,山君不离,济州特别自治道·济州岛,,热度 0.0,各种可供观赏的景致,"126.693432,33.429149",济州道北济州郡
3131163573,南怡岛,京畿道·加平郡,,热度 0.0,《冬季恋歌》的摄影地,"127.50507,37.829733",韩国京畿道加平郡達田里144
1660620357,首尔游乐场,首尔,,热度 0.0,首尔游乐场(SeoulLand)，位于风景怡人的清溪山附近。方圆10万多坪的游乐场内，既有展现世界各国风貌的世界广场，也,"127.065677,37.542097",京畿道果川市光明路181(首尔乐园)
2309626766,龟龙寺,江原道·原州市,,热度 0.0,龟龙寺位于雉岳山毗罗峰与鹤谷里之间，距毗罗峰约6公里，新罗（公元前57年~公元935年）的僧侣义湘（625年~702年）,"128.037741,37.421516",大韩民国江原道原州市所草面鹤谷里
2482197031,泡菜博物馆,首尔,,热度 0.0,泡菜博物馆是展示泡菜历史、种类、腌制方法和保存方法等任何同泡菜有关的事物的地方。泡菜博物馆自87年开放至今，一直由韩国P,"127.04112,37.513843",首尔江南区三成洞 159-9
2951205346,天帝渊瀑布,济州特别自治道·济州岛,,热度 0.9800000000000001,奇岩绝壁高耸入云，宛如自九天落下的银河,"126.552358,33.240759",济州西归浦市穑达洞3381-1
1142423359,加勒比海湾,京畿道·龙仁市,,热度 0.0,异域情调，浪漫非常的水上世界,"127.380345,37.682523",韩国京畿道龙仁市蒲谷面
2946705239,神奇之路,济州特别自治道·济州岛,,热度 0.0,称为“违反地心引力的神奇奥秘”,"126.47186,33.48144",从济州市沿1100号公路行4公里
580756918,拌饭秀,首尔,,热度 0.0,用尽全身的力量来感受真挚的五官满足,"126.979584,37.579957",首尔 钟路区 贯铁洞 33-1 Cine core大楼B2 Bibap专用馆
1290554349,韩国熊津水上乐园,京畿道·富川市,,热度 0.0,位于京畿道富川市上洞的熊津游乐城（原Tiger World）在进行内部装修之后，于2009年12月11日重新开业，成为一,"126.744803,37.499376","韩国京畿道富川市远美区上洞 572-1（Woongin Playdoci, 572-1, Sang-dong, Wonmi-gu, Bucheon, Gyeonggi-do）"
1894350281,济州爱情乐园,济州特别自治道·济州岛,,热度 0.0,韩国一个性爱主题公园,"126.489989,33.451669","济州特别自治道济州市莲洞680-26（680-26, Yeon-dong, Jeju-si, Jeju-do, KOREA）"
2718444533,济州市泰迪熊主题乐园,济州特别自治道·济州岛,,热度 0.0,一个特别好玩有爱的地方——泰迪熊主题乐园,"126.4099835,33.2503549","济州市涯月邑召吉里; 115-12 제주 제주시 애월읍 평화로 2159;155-12, Sogil-ri, Aewol-eup, Jeju-si, Jeju-do, Korea"
127539413,古馆韩服摄影写真,首尔,,热度 0.0,,"0.0,0.0",韩国首尔市钟路区1仁寺洞143
1533662861,休爱里自然生活公园,济州特别自治道·西归浦,,热度 0.0,休爱里自然生活公园是济州风景的浓缩版，称之为小济州也不为过。休爱里自然生活公园位于汉拿山脚下是样衣折大自然馨香的自然生活,"126.634064,33.308716","2014 Sillye-ri, Namwon-eup, Seogwipo, Jeju-do 699-943, South Korea"
2126855708,City Tours鸭子船,新加坡,,热度 0.0,既可以在马路上行驶，又能在水中徜徉,"103.854368,1.2899137",新加坡滨海广场购物中心#-1-221 (Marina Square Shopping Mall #01-221)
3284169005,印度文化中心,新加坡,,热度 0.0,在这里感受多样印度风情！,"103.8519222,1.3060501","5 Campbell Ln, 新加坡 209924"
1943863380,雪城,新加坡,,热度 0.0,在热带国家中体验冰雪快乐,"103.735135,1.335877","21 Jurong Town Hall Road, Singapore 609433, Singapore"
3367472047,新加坡酷卡,新加坡,,热度 0.0,旅行新神器，新加坡交通卡,"0.0,0.0",
3540840593,新加坡1-Altitude Gallery景观台,新加坡,,热度 0.0,登顶世界之巅，给你血脉喷张的兴奋之感,"103.85062509566512,1.285956021182504","1 Raffles Place (Former OUB Center), level 63, Singapore 048616"
541685652,新加坡爱来魔相艺术馆,新加坡,,热度 0.0,艺术的世界,"103.8577531,1.2951272","新加坡兴达成第四大楼三楼 (Singapore Suntec City,Tower Four,3rd Floor)"
1959728373,莱佛士酒店,新加坡,,热度 0.0,殖民时期的特色,"103.854915,1.294667",328 North Bridge Rd，Singapore
2343076579,西乐索海滩,新加坡,,热度 0.0,沙滩排球迷的聚集地,"103.815902,1.254315",Siloso Beach Sentosa Island，Singapore
3572280597,海豚园,新加坡,,热度 0.0,印度太平洋樽鼻海豚给您毕生难忘的体验,"103.821849,1.255216","8 Sentosa Gateway, Resorts World Sentosa"
20896103,牛车水（唐人街）,新加坡,,热度 0.0,在这里可以淘货、品尝风味纯正的本地美食,"103.846549988,1.2808305026","Bounded by Singapore River, New Bridge Rd, Maxwell Rd & Cecil St"
2083555130,滨海湾,新加坡,,热度 0.0,新加坡绿色新天地,"103.854515,1.290961","Singapore, Singapore"
2962308410,新加坡植物园,新加坡,,热度 1.0,以研究和收集热带植物、园艺花卉而著称,"103.815465,1.32244","Singapore Botanic Gardens, 1 Cluny Road, SG 259569"
2268915145,摩天塔,新加坡外岛·圣淘沙岛,,热度 0.0,无论白天还是晚上，都值得登塔观赏美景,"103.807961,1.259427",新加坡圣淘沙岛
84116808,老巴刹,新加坡,,热度 0.0,建于1894年。现已改建为饮食中心提供各种经济实惠的本地食品，是备受欢迎的饮食聚会场所。乘车路线乘搭地铁至莱佛士坊(Ra,"103.850398,1.280603",Boon Tat Street
943464057,国家兰花园,新加坡·新加坡植物园,,热度 0.0,在胡姬花的海洋中化作翩翩起舞的蝴蝶,"103.813974,1.313009","1 Cluny Rd, Singapore Botanic Gardens, Singapore 259569, Singapore"
2779646478,荒岭山,釜山,,热度 0.0,荒岭山中腰设有展望台，在此处可纵览釜山美丽的夜景。,"129.082273,35.157547",釜山广域市釜山镇区田浦洞
1666257497,松月洞童话村,仁川,,热度 0.0,本来是空巢家庭和留守儿童的村落，当精心装饰上卡通壁画，这里就变成了安详和幸福的童话村。,"126.619724,37.478383",仁川市松月洞3 街11-92（인천광역시 중구 송월동 3 가 11-92）
258509542,年糕博物馆,首尔,,热度 0.0,以年糕为主题的“年糕博物馆”,"126.990624,37.574859","首尔特别市钟路区卧龙洞164-2,2F"
1042538317,思连伊林荫道,济州特别自治道·济州岛,,热度 0.0,风靡亚洲地区的韩剧《秘密花园》中，河智苑迷路的森林就在这里拍摄的。这条林道两旁有一段是茂密的柳杉林，外加其它种类的野花野,"0.0,0.0",西归浦市朝天邑桥来里
3727833776,东门市场,济州特别自治道·济州岛,,热度 0.0,济州东门常设市场是1945年解放以后形成的济州商业的根据地。东门市场完好地保留着传统市场的特征，比大型超市商品种类繁多，,"120.49972,30.05312",제주특별자치도제주시관덕로14길20(이도일동)
1985014889,庆州良洞村,庆尚北道·庆州,,热度 0.0,良洞民俗村是朝鲜时代传统文化与自然相结合的典范，是韩国规模大的村落，由月城孙氏和骊江李氏建立。村庄内的国宝、宝物、民俗资,"129.25502,36.00033",韩国  庆州  
4219750463,梨泰院Land汗蒸房,首尔,,热度 0.0,让你在这里度过愉快的一天,"126.9948382,37.5343462",龙山区汉南洞732-20
45370112,景福宫光化门,首尔,,热度 0.0,韩国人心目中的“国门”,"126.9747933,37.5778024",首尔钟路区社稷路9街22号(弼云洞)서울특별시종로구사직로9길22(필운동)
1214847995,汉拿山国立公园,济州特别自治道·济州岛,,热度 0.0,海拔1950米的汉拿山是韩国高的山，山顶是火山湖，它有个好听的名字叫：白鹿潭。汉拿山2007年被列入世界自然遗产区域，自,"0.0,0.0",韩国  济州岛  
1384271459,济州岛民俗及自然历史博物馆,济州特别自治道·济州岛,,热度 0.0,"博物馆分为四个展区：自然历史展厅，民俗展厅Ⅰ,民俗展厅Ⅱ和户外展厅。自然历史博物馆主要以3D方式展列一些自然历史遗物，如","0.0,0.0",SamseongnoSinsanParkArea
930944854,全州韩屋村,全州市,,热度 0.0,因保存至今的传统面貌而闻名,"127.1517559,35.8151111",韩国全罗北道全州市 完山区丰南洞3街 15-11
2192662645,釜山豪华汗蒸幕 Spa Land,釜山,,热度 0.0,拥有韩国传统温泉浴优点,"129.1271069,35.1685402",釜山市广域市海云台区Centum南大路35（新世界百货公司）
1971148970,滋满壁书村,全州市,,热度 0.0,壁画村五彩缤纷、活泼有趣,"127.1517558,35.8151113",全羅北道全州市完山區滋滿洞1街1-10一帶
2997750292,SBS MTV-THE SHOW,首尔,,热度 0.0,每周周二于SBS MTV现场直播的，参观TOUR申请来罗，如果想要亲眼看到K-POP IDOLS在舞台上精彩的表演，现在,"0.0,0.0",서울특별시 마포구 상암산로 82 SBS 프리즘타워
2535782071,统营无动力斜坡滑车,庆尚南道,,热度 0.0,搭乘特别製作的滑车的休閒运动,"0.0,0.0",韩国庆尚南道统营市道南洞318-4 경상남도 통영시 도남동 318-4
1458169084,印度门,孟买,,热度 1.0,"孟买的象征,融合印度和波斯文化建筑特色","72.834705,18.921836",亚洲-印度
2356484611,贾特拉帕蒂·希瓦吉火车站,孟买,,热度 0.0,历史的痕迹在这里留下,"0.0,0.0","Chhatrapati Shivaji Terminus, Mumbai"
491917321,孟买大学,孟买,,热度 0.0,印度历史悠久、规模宏大的综合性大学之一,"72.8304827213,18.9289803857","Karmaveer Bhaurao Patil Marg, Fort, Mumbai"
3310154420,泰姬陵,阿格拉,,热度 0.78,世界新七大奇迹,"78.041669,27.172774",亚洲-印度
2088161884,千人洗衣场,孟买,,热度 0.0,数千人同时洗衣的壮观场面,"72.8232678,18.9825235","Dhobi Ghat, Shanti Nagar, Lower Parel, Mumbai"
2304792298,阿格拉堡,阿格拉,,热度 0.82,印度伊斯兰艺术顶峰时期的代表作,"78.01749,27.180428",亚洲-印度
2179839421,威尔士王子博物馆,孟买,,热度 0.0,印度、尼泊尔、西藏等地各色艺术作品,"72.83183392,18.9266188","M.G Road, Fort, Mumbai"
3512206217,法塔赫布尔西格里,阿格拉,,热度 0.0,莫卧儿王朝都城,"77.67091,27.103908",印度阿格拉法塔赫布尔西格里
2150830736,克劳福德市场,孟买,,热度 0.0,具有历史气息的水果批发市场,"72.8313987,18.9464462","Lokmanya Tilak Marg, Chhatrapati Shivaji Terminus Area, Dhobi Talao, Mumbai"
2796765724,维多利亚纪念堂,加尔各答,,热度 0.0,维多利亚纪念堂于1905年建成，并由总督约翰.安德生爵士亲临主持揭幕式。纪念堂为纪念英女王维多利亚而建，维多利亚女王18,"88.342724,22.544386",亚洲-印度
1397030700,象岛,孟买,,热度 1.0,以“城堡城市”著称,"72.931944,18.9625",亚洲-印度
773943416,加迪沙湖,印度,,热度 0.0,加迪沙湖位于城墙的南面，曾作为这座古城的水源来源，为这座干旱的城市提供宝贵的居民生活用水，具有十分重要的地位。,"70.923103,26.908579","Postal Colony, Jaisalmer"
3960165197,琥珀堡,斋浦尔,,热度 0.0,印度古代藩王的都城,"75.851323,26.986049","Jaipur, Rajasthan 302001, India"
2015316535,米纳克希神庙,孟买,,热度 0.0,马杜赖的城市标志,"78.119288,9.919826","Madurai, Tamil Nadu 625001 印度"
3785938284,湿婆神庙,瓦拉纳西,,热度 0.0,印度地位很高的印度教寺庙之一,"83.0105388165,25.3107924953","Varanasi, Uttar Pradesh 221001 India"
2213925486,芭堤雅蒂芬妮人妖秀,武里府·芭堤雅,,热度 0.0,东南亚地区真正的人妖秀表演,"100.8863132,12.9488227","464 Moo9, Pattaya 2nd Rd, Nongprue, Banglamung, Pattaya"
1897121058,暹罗海洋世界,曼谷,,热度 0.0,超过3万只的海洋生物世界等你去探索,"100.534594,13.746784","Siam Paragon B1-2, 991 Rama 1 Road, Bangkok"
1484862987,普吉岛西蒙人妖表演秀,普吉岛,,热度 0.0,享用视觉盛宴,"98.2899071,7.8787725","8 Sirirat Rd, Tambon Patong, Amphoe Kathu, Chang Wat Phuket 83150泰国"
3843508073,芭提雅成人秀,武里府·芭堤雅,,热度 0.0,夜间神秘芭提雅，感受不 一样的人妖表演,"100.8891916,12.9481208","98/64 หมู่ 6 ต.นาเกลือ, บางละมุง, Amphoe Bang Lamung, Chang Wat Chon Buri 20150泰国"
2033551723,普吉岛天皇成人秀,普吉岛,,热度 0.0,‘很暴力’的成人表演,"98.298981,7.8975878","PHANG MUANG SAI KOR RD, PA Tong, Kathu, Phuket, Thailand"
1682054421,夜游湄南河游轮,曼谷,,热度 0.0,体验湄南河的另一种风情,"99.2064641,14.616418","river city shoppingcomplex,room122-126 level1.soi chareokrung 30 Sampantong"
3450136463,克里普索人妖秀,曼谷,,热度 0.0,开启一场饕餮视觉盛宴，“美女”香艳登场,"100.502728,13.702838","Asiatique The Riverfront, 2194 Charoenkrung Rd., Praya Krai, Bangkor Laem, Bangkok 10120"
2349996759,格兰岛,武里府·芭堤雅,,热度 0.0,享有“东方夏威夷”之喻,"55.196955,11.428827",泰国芭堤雅
3780696396,丹嫩沙多水上集市,曼谷,,热度 0.0,乘坐小船游览水上集市，体验船上购物的乐趣,"99.96008,13.519455","泰国曼谷市西南，距离市内约80公里;Damnoen Saduak District, Ratchaburi"
1898649713,清迈古城,清迈府·清迈,,热度 0.0,清迈兰纳泰王朝古国的王室宫殿遗址,"98.9817163,18.7060641","Mueang Chiang Mai District, Chiang Mai"
3514541190,小皮皮岛,普吉岛,,热度 0.0,好莱坞影片《海滩》的外景地,"98.768779,7.680467","Puket, Thailand"
2433237771,美功铁道市场,曼谷,,热度 0.0,铁轨上的集市,"99.954616001985,13.429861983360999","Phet Samut, Mae Klong, Mueang Samut Songkhram, Samut Songkhram"
951676660,小皇帝岛,普吉岛,,热度 0.0,来欣赏岛上美丽的景色吧,"98.3489255,7.6023992","Ko Racha Yai, Phuket"
3328404325,皇帝岛,普吉岛,,热度 0.0,优美完整的天然热带岛屿风光,"98.368982,7.607531","chalong码头, Phuket 83000, Thailand"
495078716,四面佛,曼谷,,热度 0.0,四面佛在泰国被称为有求必应佛,"100.540451,13.744351",Th Ratchadamri & Th Ploenchit交叉路口
1458169084,印度门,孟买,,热度 1.0,"孟买的象征,融合印度和波斯文化建筑特色","72.834705,18.921836",亚洲-印度
2356484611,贾特拉帕蒂·希瓦吉火车站,孟买,,热度 0.0,历史的痕迹在这里留下,"0.0,0.0","Chhatrapati Shivaji Terminus, Mumbai"
491917321,孟买大学,孟买,,热度 0.0,印度历史悠久、规模宏大的综合性大学之一,"72.8304827213,18.9289803857","Karmaveer Bhaurao Patil Marg, Fort, Mumbai"
3310154420,泰姬陵,阿格拉,,热度 0.78,世界新七大奇迹,"78.041669,27.172774",亚洲-印度
2088161884,千人洗衣场,孟买,,热度 0.0,数千人同时洗衣的壮观场面,"72.8232678,18.9825235","Dhobi Ghat, Shanti Nagar, Lower Parel, Mumbai"
2304792298,阿格拉堡,阿格拉,,热度 0.82,印度伊斯兰艺术顶峰时期的代表作,"78.01749,27.180428",亚洲-印度
2179839421,威尔士王子博物馆,孟买,,热度 0.0,印度、尼泊尔、西藏等地各色艺术作品,"72.83183392,18.9266188","M.G Road, Fort, Mumbai"
3512206217,法塔赫布尔西格里,阿格拉,,热度 0.0,莫卧儿王朝都城,"77.67091,27.103908",印度阿格拉法塔赫布尔西格里
2150830736,克劳福德市场,孟买,,热度 0.0,具有历史气息的水果批发市场,"72.8313987,18.9464462","Lokmanya Tilak Marg, Chhatrapati Shivaji Terminus Area, Dhobi Talao, Mumbai"
2796765724,维多利亚纪念堂,加尔各答,,热度 0.0,维多利亚纪念堂于1905年建成，并由总督约翰.安德生爵士亲临主持揭幕式。纪念堂为纪念英女王维多利亚而建，维多利亚女王18,"88.342724,22.544386",亚洲-印度
1397030700,象岛,孟买,,热度 1.0,以“城堡城市”著称,"72.931944,18.9625",亚洲-印度
773943416,加迪沙湖,印度,,热度 0.0,加迪沙湖位于城墙的南面，曾作为这座古城的水源来源，为这座干旱的城市提供宝贵的居民生活用水，具有十分重要的地位。,"70.923103,26.908579","Postal Colony, Jaisalmer"
3960165197,琥珀堡,斋浦尔,,热度 0.0,印度古代藩王的都城,"75.851323,26.986049","Jaipur, Rajasthan 302001, India"
2015316535,米纳克希神庙,孟买,,热度 0.0,马杜赖的城市标志,"78.119288,9.919826","Madurai, Tamil Nadu 625001 印度"
3785938284,湿婆神庙,瓦拉纳西,,热度 0.0,印度地位很高的印度教寺庙之一,"83.0105388165,25.3107924953","Varanasi, Uttar Pradesh 221001 India"
2213925486,芭堤雅蒂芬妮人妖秀,武里府·芭堤雅,,热度 0.0,东南亚地区真正的人妖秀表演,"100.8863132,12.9488227","464 Moo9, Pattaya 2nd Rd, Nongprue, Banglamung, Pattaya"
1897121058,暹罗海洋世界,曼谷,,热度 0.0,超过3万只的海洋生物世界等你去探索,"100.534594,13.746784","Siam Paragon B1-2, 991 Rama 1 Road, Bangkok"
1484862987,普吉岛西蒙人妖表演秀,普吉岛,,热度 0.0,享用视觉盛宴,"98.2899071,7.8787725","8 Sirirat Rd, Tambon Patong, Amphoe Kathu, Chang Wat Phuket 83150泰国"
3843508073,芭提雅成人秀,武里府·芭堤雅,,热度 0.0,夜间神秘芭提雅，感受不 一样的人妖表演,"100.8891916,12.9481208","98/64 หมู่ 6 ต.นาเกลือ, บางละมุง, Amphoe Bang Lamung, Chang Wat Chon Buri 20150泰国"
2033551723,普吉岛天皇成人秀,普吉岛,,热度 0.0,‘很暴力’的成人表演,"98.298981,7.8975878","PHANG MUANG SAI KOR RD, PA Tong, Kathu, Phuket, Thailand"
1682054421,夜游湄南河游轮,曼谷,,热度 0.0,体验湄南河的另一种风情,"99.2064641,14.616418","river city shoppingcomplex,room122-126 level1.soi chareokrung 30 Sampantong"
3450136463,克里普索人妖秀,曼谷,,热度 0.0,开启一场饕餮视觉盛宴，“美女”香艳登场,"100.502728,13.702838","Asiatique The Riverfront, 2194 Charoenkrung Rd., Praya Krai, Bangkor Laem, Bangkok 10120"
2349996759,格兰岛,武里府·芭堤雅,,热度 0.0,享有“东方夏威夷”之喻,"55.196955,11.428827",泰国芭堤雅
3780696396,丹嫩沙多水上集市,曼谷,,热度 0.0,乘坐小船游览水上集市，体验船上购物的乐趣,"99.96008,13.519455","泰国曼谷市西南，距离市内约80公里;Damnoen Saduak District, Ratchaburi"
1898649713,清迈古城,清迈府·清迈,,热度 0.0,清迈兰纳泰王朝古国的王室宫殿遗址,"98.9817163,18.7060641","Mueang Chiang Mai District, Chiang Mai"
3514541190,小皮皮岛,普吉岛,,热度 0.0,好莱坞影片《海滩》的外景地,"98.768779,7.680467","Puket, Thailand"
2433237771,美功铁道市场,曼谷,,热度 0.0,铁轨上的集市,"99.954616001985,13.429861983360999","Phet Samut, Mae Klong, Mueang Samut Songkhram, Samut Songkhram"
951676660,小皇帝岛,普吉岛,,热度 0.0,来欣赏岛上美丽的景色吧,"98.3489255,7.6023992","Ko Racha Yai, Phuket"
3328404325,皇帝岛,普吉岛,,热度 0.0,优美完整的天然热带岛屿风光,"98.368982,7.607531","chalong码头, Phuket 83000, Thailand"
495078716,四面佛,曼谷,,热度 0.0,四面佛在泰国被称为有求必应佛,"100.540451,13.744351",Th Ratchadamri & Th Ploenchit交叉路口
1772796470,孟买电影城,马哈拉施特拉邦·马哈拉施特拉邦,,热度 0.0,为电影制片商提供外景地,"72.8841215,19.1611184","M. A. H Film Stage Industrial Corporation, Near Aarey Colony, S. V Road, Goregaon East, Mumbai"
353504038,纳西克小镇,马哈拉施特拉邦·马哈拉施特拉邦,,热度 0.0,历史文化小镇,"73.7334398,19.9911106",马哈拉施特拉纳西克
2837521135,月亮古井,斋浦尔,,热度 0.0,倒扣过来的金字塔,"104.1361118,35.780287","near, Chand Baoli Step Well, Abhaneri,, Bandikui, Rajasthan"
684052424,罗摩王庙,瓦拉纳西,,热度 0.0,寺院内的壁画上雕刻着罗摩故事,"82.9981927,25.2872399","Durga Kund Sankat Mochan Rd, Near Jalan, Durga Kund, Tulsi Manas Mandir Colony, Naria, Varanasi, Uttar Pradesh 221005"
2562060814,阿哥拉红堡,德里国家首都辖区·新德里,,热度 0.0,靠在圣河——雅沐娜河西岸，有着四百多年的历史、高达 20多米的城墙的雄伟建筑。是以前统一印度的蒙末尔王朝皇帝的宫殿，全部,"0.0,0.0",亚洲-印度
4030200798,鹿野苑,瓦拉纳西,,热度 0.0,佛教正量部的中心之一,"83.021389,25.381111",亚洲-印度
1666274993,印度wifi,印度,,热度 0.0,3G网络不限流量、不限时长,"78.9632,20.592961",亚洲-印度
3082821960,焦特普尔,印度,,热度 0.0,沙漠中的艳丽之城,"72.8904576,26.2702848",印度拉贾斯坦邦焦特布尔
3408096396,阿勒皮,喀拉拉,,热度 0.0,有“印度威尼斯”之称,"76.2720653,9.5010297","Alappuzha, Kerala, 印度"
3922901632,千柱神庙,印度,,热度 0.0,1444根不同雕刻的千柱神庙,"73.687812,24.5909675","Chetak Circle, Udaipur, Rajasthan"
2389638281,迈索尔皇宫,印度,,热度 0.0,标志性建筑,"76.6529596,12.3051351",Sayyaji Rao Rd，Mysuru， Karnataka
400495422,贾斯旺特纪念堂,印度,,热度 0.0,一座为纪念王宫贾斯旺特辛格二世而建造的白色大理石纪念堂。,"73.025152,26.303832","Lawaran, Jodhpur, Rajasthan"
87053479,蒂鲁玛莱·纳亚克宫,孟买,,热度 0.0,宫殿是当地非常著名的景点之一，位于著名景点神庙不远处。这座宫殿是印度回教徒的宫殿，建于15世纪中期，很多地方已经损坏坍塌,"72.8776559,19.0759837","Madurai, India"
3687810780,恒河,瓦拉纳西,,热度 0.0,恒河是印度的母亲河也是瓦拉纳西的生命源头,"83.010965,25.308339","Dashaswmedh Ghat Rd, Near Dashaswmedh Ghat, Bangali Tola, Varanasi, Uttar Pradesh 221001,India"
2323228947,红堡,德里国家首都辖区·新德里,,热度 1.0,莫卧儿王朝第五代帝王沙杰汗建造的城堡,"77.240921,28.656267","Netaji Subhash Marg, Chandni Chowk, New Delhi"
2279562269,顾特卜塔,德里国家首都辖区·新德里,,热度 1.0,顾特卜塔位于新德里15公里的梅特乌里村，建于1193年。这座红砂石尖塔高72.5米。基座直径14.32米，塔峰直径2.7,"0.0,0.0",亚洲-印度
2397712660,查蒙迪山,印度,,热度 0.0,海拔1062